Name,Link,Paper (if exists),Genre,Region,Texture,Musical Focus,Utility,Usability,Representation,Has Audio?,Comments,Labels & Metadata,Instruments,Suitable Tasks
200DrumMachines,http://www.hexawe.net/mess/200.Drum.Machines,,"Rock, Pop",,,Rhythm,"Monomdal Embeddings , Unsupervised pretraining, Classification & Segmentation, Recommendation & Retrieval",,Compressed,yes,,"Audio samples, 7371 one-shots; Musical Focus: Rhythm","Drums (implied by ""DrumMachines"" and ""one-shots"")","Monomodal Embeddings, Unsupervised pretraining, Classification & Segmentation, Recommendation & Retrieval, Drum sound classification, Drum pattern recognition, Synthetic drum track generation"
AAM,https://zenodo.org/record/5794629,https://asmp-eurasipjournals.springeropen.com/articles/10.1186/s13636-023-00278-7,"Pop, Electronic, Classical, Rock","American, European, Central Asian, East Asian",,"Melody, Rhythm, Harmony","Classification & Segmentation, Monomdal Embeddings , Unsupervised pretraining, Transcription & Generation",Open Access,Waveform,yes,,"Onsets, pitches, instruments, melody instrument, keys, chords, tempo, beats, segments (all precise, from algorithmic composition)",Multiple (artificial) tracks with real instrument samples; full mixes and single instrument tracks,"Music segmentation, instrument recognition, source separation, onset detection, key and chord recognition, tempo estimation"
AccoMontage2,https://github.com/billyblu2000/accomontage2,https://arxiv.org/abs/2209.00353,"RnB & Soul, Pop",,,"Melody, Harmony, Rhythm","Monomdal Embeddings , Unsupervised pretraining, Classification & Segmentation",Open Access,Structured Format,no,,"Chord progressions with style labels ('pop_standard', 'pop_complex', 'dark', 'r&b', 'unknown'), mode ('M', 'm'), tonic (C, Db,..., B); Quantized note matrices ([start, end, pitch, velocity]), root labels; Length labels (4 or 8 bars)","Piano (for accompaniment arrangement); Implies melody, chords, and accompaniment tracks","Full-length song harmonization, Accompaniment arrangement based on a lead melody, Chord progression generation, Style transfer"
ACM_MIRUM,http://www.marsyas.info/tempo,,,,,,,,,yes,,Tempo,Not specified (general music),"Tempo induction/estimation, Tempo classification"
ADC2004,http://labrosa.ee.columbia.edu/projects/melody,http://www.ee.columbia.edu/~dpwe/pubs/ismir05-melody.pdf,"Jazz, Rock, Pop, RnB & Soul",,"Monophonic, Polyphonic","Melody, Vocals, Harmony","Monomdal Embeddings , Unsupervised pretraining, Classification & Segmentation, Transcription & Generation",,"Waveform, Structured Format",yes,,"Predominant pitch (ground-truth frequencies for pitched frames, MIDI note numbers); Musical Focus: Melody, Vocals, Harmony","Real recordings, synthesized voice, MIDI; Multi-track recordings (jazz, pop, R&B, rock); Separate vocal and instrumental tracks","Melody extraction (predominant melody extraction), Classification & Segmentation, Monomodal Embeddings, Unsupervised pretraining, Transcription & Generation"
AcousticBrainz-Genre,https://mtg.github.io/acousticbrainz-genre-dataset/,https://repositori-api.upf.edu/api/core/bitstreams/de1ed57c-4771-456a-8daa-c994f5c810ea/content,"Jazz, Rock, RnB & Soul, Hip-Hop, Country, Electronic, Pop, Classical, Folk, Easy Listening","American, European, East Asian, Latin American","Monophonic, Homophonic, Heterophonic, Polyphonic","Melody, Harmony, Rhythm, Vocals","Monomdal Embeddings , Classification & Segmentation, Recommendation & Retrieval, Transcription & Generation",Conditional Access,"Textual , Feature based",no,,"Multi-label, hierarchical genre annotations (genre and subgenre); Sourced from expert (AllMusic, Discogs) and crowds (Lastfm, Tagtraum); Audio features (low-level spectral, genre, mood, keys, scales)",Not specified (audio features for over 2 million songs imply diverse instrumentation),"Music genre recognition (MGR), Multi-label hierarchical classification, Development/validation of automatic annotation algorithms, Monomodal Embeddings, Classification & Segmentation, Recommendation & Retrieval, Transcription & Generation"
AED,https://data.vision.ee.ethz.ch/cvl/ae_dataset/,https://www.isca-archive.org/interspeech_2016/takahashi16b_interspeech.pdf,,,"Monophonic, Onomatopoetic",Melody,"Monomdal Embeddings , Unsupervised pretraining, Classification & Segmentation",Open Access,Waveform,yes,,"28 classes of acoustic event sounds (e.g., acoustic guitar, violin, vehicles, human, environmental, household); 5223 samples, 768.4 minutes; Harvested from Freesound (notes on noisiness)","Acoustic guitar, Violin (explicitly listed as event classes); Other sounds are non-musical","Acoustic Event Recognition/Classification (AER), Training/evaluating ML models for AER"
AIST-Dance-DB,https://aistdancedb.ongaaccel.jp,https://archives.ismir.net/ismir2019/paper/000060.pdf,"Pop, Hip-Hop, Jazz",American,,"Melody, Rhythm, Vocals, Harmony","Monomdal Embeddings , Unsupervised pretraining",Open Access,"Waveform, Compressed",yes,,"10 major street dance genres, basic dance moves, choreography type (intense, loose, hard, soft), dance situations (showcase, cypher, battle), dancer information, musical piece information (genre, tempi)",Dance music (60 original pieces); Focus on dance motions,"Dance-motion genre classification, Dancer identification, Dance-technique estimation, Structural analysis of choreographies, Dance-mood analysis, Classification of video categories, Recognition of dance motions from any direction, Dance-Motion Generation (choreography generation driven by music, generating motions for robots/CG dancers), Dance-Music Analysis (dance-music classification, multimodal analysis of dance-music correlation), Dance-Music Generation"
Amg1608,https://amg1608.blogspot.ch,https://ieeexplore.ieee.org/stamp/stamp.jsp?tp=&arnumber=7178058,Pop,"American, European",,"Melody, Harmony, Rhythm, Vocals","Classification & Segmentation, Monomdal Embeddings",Open Access,Feature based,no,,Valence & arousal (emotional annotations); 1608 30-second music clips annotated by 665 subjects for 46 topics; Dynamic affect labels of full-length musical pieces,Not specified (music clips imply diverse instrumentation),"Music emotion recognition (MER), VA emotion modeling, Music recommendation system, Music classification, Psychotherapy, Music visualization, Background music generation, Smart home applications"
"AMT-pilot, CASD",https://github.com/chordify/CASD,https://ismir2011.ismir.net/papers/OS8-1.pdf,"Jazz, Pop",American,,"Harmony, Melody, Rhythm, Vocals","Monomdal Embeddings , Unsupervised pretraining",Conditional Access,Feature based,yes,,"Chord labels (Harte et al. syntax); Reported difficulty (Likert scale) and annotation time per annotator; Structure by multiple annotators; Detailed chord, meter, phrase, musical structure transcriptions (time-aligned)",Not specified (focus on chord/structural annotations),"Advance research into annotator subjectivity and computational harmony, Audio-chord-recognition algorithms, Music transcription"
APL,https://archive.org/details/Automatic_Practice_Logging,https://archive.org/details/Automatic_Practice_Logging,Classical,,Monophonic,Melody,"Unsupervised pretraining, Monomdal Embeddings",Open Access,"Waveform, Compressed",yes,,Piano practice; Over 600 annotated recordings of solo piano practice; Characterizes content and manner of practice,Piano (solo piano practice),"Automatic Practice Logging (APL), Aligning short segments of practice audio with reference recordings (pitch chroma, DTW)"
artist20,http://labrosa.ee.columbia.edu/projects/artistid,https://www.ee.columbia.edu/~dpwe/pubs/Ellis07-timbrechroma.pdf,Pop,"American, South/South-east Asia",,"Melody, Harmony, Rhythm, Vocals","Monomdal Embeddings , Unsupervised pretraining, Classification & Segmentation",,"Waveform, Feature based",no,,20 artists; Used for 20-way pop music artist identification; MFCCs reflect instruments/arrangements; Chroma features invariant to instrumentation,Not specified (1413 pop songs imply diverse instrumentation),"Artist identification, Classification & Segmentation, Monomodal Embeddings, Unsupervised pretraining"
ASAP,https://github.com/fosfrancesco/asap-dataset,https://archives.ismir.net/ismir2020/paper/000127.pdf,Classical,European,Monophonic,Melody,"Monomdal Embeddings , Unsupervised pretraining, Transcription & Generation, Classification & Segmentation",Conditional Access,"Waveform, Structured Format",yes (see MAESTRO),,"Aligned MIDI/audio performances and MIDI/XML scores; Beats, downbeats, time signatures, key signatures; Beat types (""db"", ""b"", ""bR""), score measure mapping, alignment status; Composer and title metadata",Piano (Western classical piano music),"Complete Audio-to-Score Automatic Music Transcription (AMT), Metrical structure-based tasks (beat/downbeat tracking, tempo estimation, metrical structure alignment, rhythm quantization), Key/Time signature estimation"
ATEPP,https://zenodo.org/record/6564406#.Y5QnkezP3OQ,https://doi.org/10.5281/zenodo.6564406,Classical,European,Monophonic,Melody,"Monomdal Embeddings , Unsupervised pretraining, Transcription & Generation, Classification & Segmentation",Restricted Access,"Waveform, Structured Format",,,"MIDI files (transcriptions of piano performances), MusicXML scores (approx. half of tracks); Symbolic music MIDI, MusicXML",Expressive piano performances,"Comparative studies of piano performances, Classification tasks, Monomodal Embeddings, Unsupervised pretraining, Transcription & Generation, Classification & Segmentation"
AudioSet,https://research.google.com/audioset/index.html,https://research.google.com/pubs/pub45857.html,"RnB & Soul, Rock, Hip-Hop, Jazz, Country, Electronic, Pop, Classical, Folk, Easy Listening","South/South-east Asia, American, East Asian, Middle-Eastern, European, Latin American, Central Asian, Sub-Saharan","Monophonic, Homophonic, Onomatopoetic, Heterophonic, Polyphonic","Melody, Harmony, Rhythm, Vocals","Monomdal Embeddings , Unsupervised pretraining, Transcription & Generation, Classification & Segmentation, Recommendation & Retrieval",Open Access,Textual,no,,"632 audio event classes (hierarchical graph); Categories: human sounds, animal sounds, musical instruments/genres, environmental sounds; 2,084,320 human-labeled 10-second clips (5.8K hours)",Multiple (includes labels for specific musical instruments and genres),"Audio event detection, Developing comprehensive vocabulary of sound events, Monomodal Embeddings, Unsupervised pretraining, Transcription & Generation, Classification & Segmentation, Recommendation & Retrieval"
bach10,http://www2.ece.rochester.edu/projects/air/resource.html,,,,,,,,,yes,,"Ground-truth pitch values (MIDI number) per part/frame, ground-truth notes (pitch, time, onset/offset), ground-truth alignment between audio and MIDI; MIDI scores","Violin, Clarinet, Saxophone, Bassoon (for Soprano, Alto, Tenor, Bass parts)","Multi-pitch Estimation and Tracking, Audio-score Alignment, Source Separation, Monomodal Embeddings, Unsupervised pretraining"
BAF,https://github.com/guillemcortes/baf-dataset/,https://zenodo.org/records/7372162,"RnB & Soul, Rock, Jazz, Hip-Hop, Country, Electronic, Pop, Classical, Folk",,,,"Monomdal Embeddings , Unsupervised pretraining, Classification & Segmentation, Recommendation & Retrieval",Restricted Access,"Waveform, Compressed",yes,Cannot be used for music generation,"Cross-annotations with exact matching timestamps between Epidemic tracks and TV recordings; 80% background music; ""Cannot be used for music generation""",Not specified (production music and TV broadcast audio imply diverse instrumentation),"Music monitoring in broadcast, Audio fingerprinting, Monomodal Embeddings, Unsupervised pretraining, Classification & Segmentation, Recommendation & Retrieval"
ballroom,http://mtg.upf.edu/ismir2004/contest/tempoContest/node5.html,,"
Classical",Latin American,,"Melody, Rhythm","Monomdal Embeddings , Unsupervised pretraining, Classification & Segmentation",Open Access,Waveform,yes,,"8 genres/dance styles (Cha Cha, Jive, Quickstep, Rumba, Samba, Tango, Viennese Waltz, Slow Waltz); Tempo, beats, bars/downbeats",Not explicitly mentioned (real audio excerpts imply typical ballroom music instrumentation),"Tempo analysis, Genre classification of ballroom dance music, Rhythm classification, Tempo induction, Monomodal Embeddings, Unsupervised pretraining, Classification & Segmentation"
beatboxset1,http://archive.org/details/beatboxset1,,Hip-Hop,,,"Rhythm, Vocals","Monomdal Embeddings , Unsupervised pretraining",Conditional Access,"Compressed, Waveform",yes,,"Percussion annotation; Musical Focus: Rhythm, Vocals",Human voice (beatboxing); Combines percussive and vocal elements,"Percussion annotation, Onset detection, Drum transcription, Monomodal Embeddings, Unsupervised pretraining"
BPS-FH,https://github.com/Tsung-Ping/functional-harmony,https://ismir2018.ircam.fr/doc/pdfs/178_Paper.pdf,Classical,European,,"Melody, Harmony","Monomdal Embeddings , Unsupervised pretraining, Classification & Segmentation, Transcription & Generation",Open Access,"Structured Format, Feature based, Textual",no,,"Functional harmony annotations: key, primary/secondary degree, quality (major, minor, augmented, diminished, various sevenths, augmented sixth), inversion; Note events, beats/downbeats, chords (onset, offset, key, degree, quality, inversion, Roman numeral), phrases, musical form",Piano (Beethoven's Piano Sonatas),"Functional harmony recognition, Symbolic chord estimation, Classification & Segmentation, Monomodal Embeddings, Unsupervised pretraining, Transcription & Generation"
"C224a, C49ka-C111ka, C3ka",http://www.cp.jku.at/people/schedl/datasets.html,https://archives.ismir.net/ismir2004/paper/000211.pdf,"RnB & Soul, Rock, Jazz, Hip-Hop, Country, Electronic, Pop, Easy Listening, Classical, Folk","European, American",,"Melody, Harmony, Vocals, Rhythm","Classification & Segmentation, Recommendation & Retrieval",,,no,,"Genres (14, 18, unspecified), Artists (224, 3000, 48800/110588); Musical Focus: Melody, Harmony, Vocals, Rhythm",Not specified (large music collections imply diverse instrumentation),"Classification & Segmentation, Recommendation & Retrieval, Music genre classification, Artist identification"
"CAL500, CAL10k",http://calab1.ucsd.edu/~datasets/,http://eceweb.ucsd.edu/~gert/papers/TASLP-08.pdf,Pop,"European, American",,"Melody, Harmony, Rhythm, Vocals",,Open Access,"Feature based, Textual, Compressed",yes,,"Semantic annotations/tags: emotional content (18 emotions), 36 genres, 29 instruments, 22 vocal characterizations, 15 song concepts (tempo, energy, sound quality), 15 usage terms; Vocabulary of 174-237 words",29 instruments explicitly annotated for CAL500; CAL10k also music-based,"Semantic audio annotation and retrieval, Multi-class multi-label classification, Music Information Retrieval"
Dunya,https://dunya.compmusic.upf.edu/,,Classical,"East Asian, Middle-Eastern, South/South-east Asia","Monophonic, Homophonic","Melody, Rhythm, Vocals","Monomdal Embeddings , Unsupervised pretraining, Classification & Segmentation, Recommendation & Retrieval",Conditional Access,"Compressed, Textual",on request,,"Musical Focus: Melody, Rhythm, Vocals; ""on request"" access",Not specified (focus on vocal and melodic instruments),"Classification & Segmentation, Recommendation & Retrieval, Monomodal Embeddings, Unsupervised pretraining"
CBFdataset,https://zenodo.org/record/3250223,https://qmro.qmul.ac.uk/xmlui/handle/123456789/59179,Classical,East Asian,Monophonic,Melody,"Monomdal Embeddings , Unsupervised pretraining",Open Access,Compressed,yes,,4 playing techniques (Chinese Bamboo Flute); Full-length expert performances; Absence of pitch labels,Chinese Bamboo Flute (CBF),"Instrument playing technique detection, Monomodal Embeddings, Unsupervised pretraining"
CCMixter,http://www.loria.fr/~aliutkus/kam/,https://members.loria.fr/ALiutkus/kam/KAM.pdf,,,,"Vocals, Melody, Harmony, Rhythm",Classification & Segmentation,,Compressed,yes,,"Vocal track, background track; Musical Focus: Vocals, Melody, Harmony, Rhythm","Vocals, and implied multiple instruments for background track","Classification & Segmentation, Music/voice separation"
ChoCo,https://github.com/smashub/choco,https://doi.org/10.5281/zenodo.7706751,Classical,,"Monophonic, Homophonic, Heterophonic, Polyphonic","Melody, Harmony, Rhythm","Classification & Segmentation, Transcription & Generation, Unsupervised pretraining, Monomdal Embeddings","Open Access, Restricted Access","Structured Format, Waveform, Textual",no,,"Timed chord annotations (Harte, Roman numerals); Tonality and modulations (local/global keys); Structural segmentations, beat annotations; Rich provenance data",Not specified (covers diverse genres imply multiple instruments),"Chord parsing and manipulation, Data transformation, Classification & Segmentation, Transcription & Generation, Unsupervised pretraining, Monomodal Embeddings"
ChoralMusicSeparation,https://github.com/RetroCirce/Choral_Music_Separation,https://arxiv.org/pdf/2209.02871,Classical,European,,"Harmony, Vocals","Monomdal Embeddings , Unsupervised pretraining, Classification & Segmentation, Transcription & Generation",Conditional Access,"Structured Format, Compressed",yes,,"Harmony, Vocals; Synthesized from JSB Chorales (MusicXML/MIDI) using sampled instrument plugins (controllable expressiveness); Aims for individual voice parts (soprano, alto, tenor, bass)","Piano, Vocal (sampled instruments: Voices Of Rapture, Dominus Choir); Implies soprano, alto, tenor, bass voices","Choral music separation (extracting individual voice parts), Source separation on real choral music, Evaluating separation performance (common/same-source instruments, vocal timbre distinction), Monomodal Embeddings, Unsupervised pretraining, Classification & Segmentation, Transcription & Generation"
Chopin22,http://iwk.mdw.ac.at/goebl/mp3.html,http://www.ofai.at/cgi-bin/tr-online?number+2005-16,Classical,European,,"Melody, Harmony","Monomdal Embeddings , Unsupervised pretraining, Classification & Segmentation",Open Access,Compressed,yes,,"Performance data from 22 skilled pianists (labeled by ID); ""Avg."" labels for Etude/Ballade; Musical Focus: Melody, Harmony",Bösendorfer computer-controlled grand piano (single instrument),"Melody lead analysis in piano performance, Expressive music performance studies (AI/ML), Live tracking of musical performances (on-line time warping), Monomodal Embeddings, Unsupervised pretraining, Classification & Segmentation"
Clotho,https://zenodo.org/record/3490684,https://doi.org/10.1109/ICASSP40776.2020.9052990,,,,,"Monomdal Embeddings , Unsupervised pretraining, Transcription & Generation, Classification & Segmentation, Recommendation & Retrieval",Open Access,Waveform,yes,,"5 descriptive captions per audio sample (24,905 captions for 4981 audio samples); Audio 15-30s, captions 8-20 words; Metadata: file name, keywords, URL, start/end samples, uploader, license","Not specified (audio captioning implies diverse sound events, including musical)","Audio captioning, Monomodal Embeddings, Unsupervised pretraining, Transcription & Generation, Classification & Segmentation, Recommendation & Retrieval"
CMMSD,https://sourceforge.net/projects/segmentationgt/,,,,Monophonic,,Classification & Segmentation,Open Access,Feature based,no,,"Note-level segmentation of monophonic music; Labels: note, rest, transition; Onsets, vibrato; 36 excerpts, 718 notes","Strings, woodwind, and brass instrument groups (monophonic)","Note-level segmentation, Music performance analysis, Feature selection, Onset and offset detection, Classification & Segmentation"
Coidach,http://jmir.sourceforge.net/Codaich.html,,,,,,,,,no,,"26,420 labeled MP3s, 55 musical genres (popular, world, classical, jazz); 19 metadata fields (Title, Artist, Composer, Album, Genre)","Not specified (large, diverse collection implies multiple instruments)","Music Information Retrieval (MIR) research, Training/testing data, Automatic genre classification"
corpusCOFLA,http://www.cofla-project.com/?page_id=170,,,,,,,,,no,,"Musical Focus: Melody, Rhythm, Vocals; Deals with flamenco music","Flamenco singing; Implies instruments common in flamenco (e.g., guitar, percussion)","Computational analysis, characterization, and synthesis of flamenco music; Automatic indexing of audio-visual libraries, education, large-scale musicological studies; Extracting melodic templates; Automatic transcription of flamenco singing; Automatic classification of flamenco genres"
covers80,http://labrosa.ee.columbia.edu/projects/coversongs/covers80/,http://labrosa.ee.columbia.edu/~dpwe/pubs/EllisC07-covers.pdf,Pop,American,,"Melody, Harmony, Rhythm, Vocals","Monomdal Embeddings , Unsupervised pretraining, Classification & Segmentation",Open Access,"Compressed, Textual",yes,,"Musical Focus: Melody, Harmony, Rhythm, Vocals; 80 pieces, each with two versions (160 tracks total), for cover song detection; Includes pre-calculated features",Not specified (pop genre implies diverse instrumentation),"Cover song detection, Monomodal Embeddings, Unsupervised pretraining, Classification & Segmentation"
"Cross-Composer, Cross-Era",https://www.audiolabs-erlangen.de/resources/MIR/cross-comp,http://ismir2010.ismir.net/proceedings/ismir2010-25.pdf,Classical,European,,"Melody, Harmony","Monomdal Embeddings , Unsupervised pretraining, Classification & Segmentation, Recommendation & Retrieval",Open Access,"Compressed, Feature based",no,,"Composer-related info, piece-related info (title, instrumentation), performance-specific info (album, performer), artist ID; Global key labels; Automatically computed chord labels; Musical Focus: Melody, Harmony","Multiple (Orchestral, Piano, Solo concertos, Choir, Organ, Harpsichord, Ensemble); Balanced for Piano and Orchestra in Cross-Era","Composer identification, Analysis/Classification of Western classical music recordings (Baroque, Classical, Romantic, Modern), Global key detection, Style analysis over history, Monomodal Embeddings, Unsupervised pretraining, Classification & Segmentation, Recommendation & Retrieval"
CSD,https://zenodo.org/record/2649950,"Cuesta, H., Gómez, E., Martorell, A., Loáiciga, F. (2018). Analysis of Intonation in Unison Choir Singing. In Proceedings of the 15th International Conference on Music Perception and Cognition.",Classical,European,Polyphonic,"Melody, Harmony, Vocals","Monomdal Embeddings , Unsupervised pretraining, Transcription & Generation",Open Access,"Waveform, Structured Format",yes,,"Musical Focus: Melody, Harmony, Vocals; F0, MIDI; Analysis of Intonation in Unison Choir Singing","Vocals (choir singing, polyphonic)","Analysis of Intonation in Unison Choir Singing, Monomodal Embeddings, Unsupervised pretraining, Transcription & Generation"
dadaGP,https://github.com/dada-bots/dadaGP,https://archives.ismir.net/ismir2021/paper/000076.pdf,"Rock, Pop, Classical, Jazz, Electronic, Folk",,,"Melody, Rhythm","Monomdal Embeddings , Unsupervised pretraining, Classification & Segmentation",Open Access,Structured Format,no,,"GuitarPro songs (gp3, gp4, gp5 formats); Artist and genre information (from Spotify); Note effect tokens (nfx) for guitar playing techniques (palm mute, bends, vibratos, slides, hammer-ons, pull-offs)","Up to nine instrumental parts: 3 distorted/overdriven guitars, 2 clean/acoustic guitars, 1 bass, 1 drumset, 1 lead (e.g., piano), 1 pad (e.g., choir/strings); Supports 7-string guitars, 5/6-string basses, downtuning; Banjo and instrument-change events not supported","Symbolic music generation (GuitarPro format), Guitar-Bass Transcription (from synthetic audio), Music Style Transfer (genre-based), Artist/Genre Classification (from symbolic representation), Monomodal Embeddings, Unsupervised pretraining, Classification & Segmentation"
DALI,https://github.com/gabolsgabs/DALI,https://zenodo.org/record/1492443,,,,Vocals,"Monomdal Embeddings , Unsupervised pretraining, Recommendation & Retrieval, Classification & Segmentation","Restricted Access, Conditional Access","Compressed, Waveform",no,,"Synchronized audio, lyrics, vocal notes; Annotations at different granularities (notes, lines, words, paragraphs); Includes text, time (start/end), frequency range, index to upper level; Song ID, artist, title, metadata (album, release date, cover, genres, language)",Vocals (singing voice),"Loading/managing dataset, Accessing song info, Working with annotations at different granularities, Visualization, Annotation manipulation, Audio retrieval, Monomodal Embeddings, Unsupervised pretraining, Recommendation & Retrieval, Classification & Segmentation"
DAMP,https://ccrma.stanford.edu/damp/,https://zenodo.org/record/1492443,"Pop, Classical, Folk, Others",,,"Vocals, Melody","Monomdal Embeddings , Unsupervised pretraining, Classification & Segmentation",Conditional Access,Waveform,yes,,"Vocals, Melody; Karaoke performances, aligned lyrics, pronunciation assessment","Vocals (implied by ""karaoke performances"")","Pronunciation assessment, Monomodal Embeddings, Unsupervised pretraining, Classification & Segmentation"
Da-TACOS,https://mtg.github.io/da-tacos/,http://archives.ismir.net/ismir2019/paper/000038.pdf,"Rock, Pop, Jazz",,,"Melody, Harmony, Rhythm, Vocals","Monomdal Embeddings , Unsupervised pretraining, Classification & Segmentation",Conditional Access,"Textual , Feature based",no,,"Performance title/artist, work title/artist, release year, SecondHandSongs.com IDs, instrumental status; MusicBrainz ID, song length, genre/style tags; Musical Focus: Melody, Harmony, Rhythm, Vocals","Not specified (includes ""instrumental or not"" status implies diverse instrumentation)","Cover Song Identification (CSI), Cover Analysis, Monomodal Embeddings, Unsupervised pretraining, Classification & Segmentation"
DCS,https://www.audiolabs-erlangen.de/resources/MIR/2020-DagstuhlChoirSet,https://www.audiolabs-erlangen.de/content/resources/MIR/00_2020-DagstuhlChoirSet/2020_RosenzweigCWSGM_DagstuhlChoirSet_TISMIR_ePrint.pdf,Classical,European,Polyphonic,Vocals,"Monomdal Embeddings, Unsupervised pretraining, Classification & Segmentation",Open Access,Compressed,yes,,"Beats, time-aligned scores, F0 (fundamental frequency); Multitrack recordings of individual singing voices","Vocals (a cappella choral music, amateur vocal ensemble in full choir/quartet settings)","MIR research on choral singing, Choral intonation assessment, Multiple fundamental frequency (F0) estimation, Monomodal Embeddings, Unsupervised pretraining, Classification & Segmentation"
DEAM,http://cvml.unige.ch/databases/DEAM,,,,,"Rhythm, Harmony, Melody","Monomdal Embeddings , Unsupervised pretraining, Classification & Segmentation",Open Access,"Waveform, Feature based",yes,,"Valence & arousal (continuous per-second and whole-song); Metadata: duration, genre, folksonomy tags; Musical Focus: Rhythm, Harmony, Melody",Not specified (music excerpts imply diverse instrumentation),"Emotional analysis of music, Music emotion recognition, Monomodal Embeddings, Unsupervised pretraining, Classification & Segmentation"
DEAPDataset,http://www.eecs.qmul.ac.uk/mmv/datasets/deap/readme.html,http://www.eecs.qmul.ac.uk/mmv/datasets/deap/doc/tac_special_issue_2011.pdf,,,,,"Monomdal Embeddings , Unsupervised pretraining, Recommendation & Retrieval, Classification & Segmentation",Open Access,Waveform,no,,"Arousal, Valence, Dominance, Liking, Familiarity (9-point scales); Emotion Wheel Ratings (slice, strength); VAQ (Valence/Arousal Quadrant) estimates; Questionnaire responses","Physiological signals (EEG, EOG, EMG, GSR, Respiration, Plethysmograph, Temperature, ECG, BVP); Frontal face video; Music videos (stimuli)","Emotion analysis (physiological/audiovisual signals), Emotion recognition/classification/regression, Physiological signal processing, Facial expression analysis, Multimodal emotion analysis, Data synchronization, Questionnaire data analysis, Adaptive music video recommendation system, Implicit affective tagging"
DESED,https://github.com/turpaultn/DESED,https://hal.inria.fr/hal-02160855,,,,,"Monomdal Embeddings , Unsupervised pretraining, Classification & Segmentation",Open Access,Waveform,yes,,10 event classes in a domestic environment; Soundbank for generating synthetic soundscapes (background/foreground files); Real data (Audioset subsets),"Not specified (focus on sound events, not necessarily musical instruments)","Domestic Environment Sound Event Detection (DESED), Generating new synthetic soundscapes (Scaper), Monomodal Embeddings, Unsupervised pretraining, Classification & Segmentation"
DREANSS,http://mtg.upf.edu/download/datasets/dreanss,http://mtg.upf.edu/node/2802,"Rock, RnB & Soul, Electronic",,,"Melody, Harmony, Vocals, Rhythm","Monomdal Embeddings , Unsupervised pretraining, Classification & Segmentation",Conditional Access,"Structured Format, Textual",yes,,"Onset times, percussion instruments; Musical Focus: Melody, Harmony, Vocals, Rhythm",Percussion instruments; Other instruments implied by musical focus,"Monomodal Embeddings, Unsupervised pretraining, Classification & Segmentation"
DrumPt,https://github.com/cwu307/DrumPtDataset,"Chih-Wei Wu, Alexander Lerch, On Drum Playing Technique Detection in Polyphonic Mixtures, in Proceedings of the International Conference on Music Information Retrieval (ISMIR), New York, 2016.",,,,Rhythm,Classification & Segmentation,Open Access,"Feature based, Waveform",yes (see ENST),,"4 playing techniques; Annotations of drum playing techniques (Flam, Drag)",Drums,"Drum playing technique detection, Parameter estimation (Flam/Drag), Testing/evaluation of detection systems, Augmenting existing libraries with synthetic audio, Classification & Segmentation"
DSD100,https://sigsep.github.io/datasets/dsd100.html,"@inproceedings{
  SiSEC16,
  Title = {The 2016 Signal Separation Evaluation Campaign},
  Address = {Cham},
  Author = {Liutkus, Antoine and St{\""o}ter, Fabian-Robert and Rafii, Zafar and Kitamura, Daichi and Rivet, Bertrand and Ito, Nobutaka and Ono, Nobutaka and Fontecave, Julie},
  Editor = {Tichavsk{\'y}, Petr and Babaie-Zadeh, Massoud and Michel, Olivier J.J. and Thirion-Moreau, Nad{\`e}ge},
  Pages = {323--332},
  Publisher = {Springer International Publishing},
  Year = {2017},
  booktitle = {Latent Variable Analysis and Signal Separation - 12th International Conference, {LVA/ICA} 2015, Liberec, Czech Republic, August 25-28, 2015, Proceedings},
}",,,,"Vocals, Rhythm, Harmony, Melody","Monomdal Embeddings , Unsupervised pretraining, Classification & Segmentation, Transcription & Generation","Open Access, Restricted Access",Waveform,yes,,"Multitrack recordings (mixture, isolated stems for drums, bass, vocals, other instruments); Musical Focus: Vocals, Rhythm, Harmony, Melody","Drums, Bass, Vocals, Other instruments","Signal separation, Source separation in music, Monomodal Embeddings, Unsupervised pretraining, Classification & Segmentation, Transcription & Generation"
"emoMusic, EMusic, EMO-Soundscapes",http://cvml.unige.ch/databases/emoMusic,http://ibug.doc.ic.ac.uk/media/uploads/documents/cmm13-soleymani.pdf,,,,,"Monomdal Embeddings , Unsupervised pretraining, Classification & Segmentation",Restricted Access,"Waveform, Compressed",yes,,"Arousal & valence; EMusic: 100 experimental + 40 music clips (8 genres), valence/arousal ranking; EMO-Soundscapes: 1213 6-second audio clips (600 soundscape, 613 mixed), perceived emotion (valence/arousal)",Not specified for emoMusic/EMusic; EMO-Soundscapes are soundscape recordings (environmental sounds),"Music emotion recognition, Soundscape emotion recognition, Classification & Segmentation, Monomodal Embeddings, Unsupervised pretraining, Recommendation & Retrieval"
Emotify,http://www.projects.science.uu.nl/memotion/emotifydata,"A. Aljanaki, F. Wiering, R. C. Veltkamp. Studying emotion induced by music through a crowdsourcing game. Information Processing & Management, 2015","Classical, Pop, Rock, Electronic",,,,"Monomdal Embeddings , Unsupervised pretraining, Classification & Segmentation",Open Access,Compressed,yes,,"Emotional annotations using GEMS (9 categories); Participant's mood, liking/disliking, age, gender, mother tongue","Not specified (400 one-minute song excerpts across rock, classical, pop, electronic imply diverse instrumentation)","Study of emotion induced by music through crowdsourcing, Monomodal Embeddings, Unsupervised pretraining, Classification & Segmentation"
EnsembleSet,https://zenodo.org/record/6519024#.Y52xKex_pTZ,https://qmro.qmul.ac.uk/xmlui/handle/123456789/80496,Classical,European,,"Harmony, Rhythm, Melody","Monomdal Embeddings , Unsupervised pretraining, Transcription & Generation",Conditional Access,"Waveform, Structured Format",yes,,Individual instrument stems (for source separation); Automated articulation mapping for playing styles (MIDI/MusicXML input),"Multiple: String, Wind, and Brass instruments (chamber ensembles)","Chamber ensemble separation, Robustness to different microphone setups, Understanding impact of mixing on source separation, Developing/benchmarking source separation models, Generalizability studies, Monomodal Embeddings, Unsupervised pretraining, Transcription & Generation"
ENST-Drums,http://www.tsi.telecom-paristech.fr/aao/en/2010/02/19/enst-drums-an-extensive-audio-visual-database-for-drum-signals-processing/,"ENST-Drums: an extensive audio-visual database for drum signals processing, Olivier Gillet and Gaël Richard, In Proc of ISMIR'06, Victoria, Canada, 2006.","Jazz, Rock","Latin American, American",,Rhythm,"Monomdal Embeddings , Unsupervised pretraining, Transcription & Generation",Restricted Access,Waveform,yes,,"Fully annotated drum sequences; Temporal locations of unpitched percussive sounds, instrument recognition","Drums (multiple drum kits, varied in size, played with sticks, rods, brushes, mallets); Snare drum, bass drum, hi-hat, other drum instruments","Automatic drum transcription and processing, Single drum event classification, Complex multimodal drum track transcription/extraction from polyphonic music, Detecting temporal locations of percussive sounds, Recognizing instruments played, Monomodal Embeddings, Unsupervised pretraining, Transcription & Generation"
Erkomaishvili,https://www.audiolabs-erlangen.de/resources/MIR/2019-GeorgianMusic-Erkomaishvili,https://www.audiolabs-erlangen.de/content/resources/MIR/00_2019-GeorgianMusic-Erkomaishvili/2020_RosenzweigEtAl_Erkomaishvili_TISMIR_ePrint.pdf,Others,European,Polyphonic,"Melody, Harmony","Monomdal Embeddings , Unsupervised pretraining, Transcription & Generation",Open Access,"Waveform, Structured Format",yes,,"Sheet music, structure, F0, note onsets; Musical Focus: Melody, Harmony",Not specified,"Monomodal Embeddings, Unsupervised pretraining, Transcription & Generation"
Extendedballroom,http://anasynth.ircam.fr/home/media/ExtendedBallroom/,"U. Marchand, G. Peeters. “Scale and shift invariant time/frequency representation using auditory statistics: application to rhythm description.” in IEEE International Workshop on Machine Learning for Signal Processing, September 2016.",Others,,,Rhythm,"Monomdal Embeddings , Unsupervised pretraining, Transcription & Generation",Open Access,"Waveform, Textual , Spectogram",downloadable,,"9 genres, tempo; Musical Focus: Rhythm",Not specified,"Monomodal Embeddings, Unsupervised pretraining, Transcription & Generation"
ExtraSensory,http://extrasensory.ucsd.edu/,,,,,,,,,yes,,51 context labels,Not specified,Not specified
ffuhrmann,http://www.dtic.upf.edu/~ffuhrmann/PhD/data,,,,,,,,,yes/no,,11 predominant instruments,"Cello, Clarinet, Flute, Acoustic Guitar, Electric Guitar, Organ, Piano, Saxophone, Trumpet, Violin, Human Singing Voice",Automatic recognition of predominant instruments in musical audio signals
FlaBase,http://mtg.upf.edu/download/datasets/flabase,http://mtg.upf.edu/node/3319,Folk,European,,"Melody, Harmony, Rhythm, Vocals","Monomdal Embeddings , Unsupervised pretraining, Recommendation & Retrieval, Classification & Segmentation",Open Access,"Compressed, Textual",no,,"Editorial, biographical, musicological information on flamenco, 1102 artists, 74 palos, 2860 albums; Musical Focus: Melody, Harmony, Rhythm, Vocals",Not specified,"Monomodal Embeddings, Unsupervised pretraining, Recommendation & Retrieval, Classification & Segmentation"
FifteenSongs,https://github.com/grateful-dead-live/fifteen-songs-dataset,,Rock,American,,"Melody, Harmony, Rhythm, Vocals","Monomdal Embeddings , Unsupervised pretraining, Classification & Segmentation",Open Access,Compressed,yes,,"Not specified; Musical Focus: Melody, Harmony, Rhythm, Vocals",Not specified,"Monomodal Embeddings, Unsupervised pretraining, Classification & Segmentation"
"FMA-small, FMA-medium, FMA-large, FMA-full",https://github.com/mdeff/fma,https://arxiv.org/abs/1612.01840,"RnB & Soul, Rock, Jazz, Hip-Hop, Country, Electronic, Pop, Classical, Folk, Easy Listening","American, European",,"Melody, Harmony, Rhythm, Vocals",Classification & Segmentation,"Open Access, Restricted Access","Compressed, Feature based, Textual",yes,,"8, 16, 161 genres; Musical Focus: Melody, Harmony, Rhythm, Vocals",Not specified (large music collections imply diverse instrumentation),Classification & Segmentation
Freesound-Loop-Dataset,https://zenodo.org/record/3967852,"ramires2020, author = ""Antonio Ramires and Frederic Font and Dmitry Bogdanov and Jordan B. L. Smith and Yi-Hsuan Yang and Joann Ching and Bo-Yu Chen and Yueh-Kao Wu and Hsu Wei-Han and Xavier Serra"", title = ""The Freesound Loop Dataset and Annotation Tool"", booktitle = ""Proc. of the 21st International Society for Music Information Retrieval (ISMIR)"", year = ""2020"" ",,,,Rhythm,"Monomdal Embeddings , Unsupervised pretraining, Transcription & Generation",Open Access,Waveform,yes,,"Tempo, key, genre, instrumentation annotation; 6 instrument roles (Percussion, Bass, Chord, Melody, FX, Voice); Multi-label classification; Musical Focus: Rhythm","Percussion, Bass, Chord (polyphonic), Melody (monophonic), FX, Voice (can be monophonic, polyphonic, or percussive like beatboxing)","Multi-label classification for instrument roles, Auto-tagging for loop-based music"
FSD-Kaggle2019,https://zenodo.org/record/3612637,https://arxiv.org/abs/1906.02975,,,,,"Monomdal Embeddings , Unsupervised pretraining, Classification & Segmentation, Recommendation & Retrieval",Open Access,Waveform,yes,,80 tags,Not specified,"Monomodal Embeddings, Unsupervised pretraining, Classification & Segmentation, Recommendation & Retrieval"
Fugue,http://algomus.fr/data,"J. Roux et al., Annotating Texture and Imitation Patterns in a Corpus of Slow Movements in Corelli’s Trio Sonatas, submitted (2024)",Classical,European,Polyphonic,"Melody, Harmony, Rhythm","Monomdal Embeddings , Unsupervised pretraining, Transcription & Generation",Open Access,Structured Format,no,,"S/CS/CS2 patterns, cadences, pedals (over 1000 labels); Fugue structure, patterns, cadences; Musical Focus: Melody, Harmony, Rhythm","Not specified (Bach and Shostakovich fugues imply keyboard instruments like piano or organ, or chamber ensembles)","Computational Fugue Analysis, Monomodal Embeddings, Unsupervised pretraining, Transcription & Generation"
"GiantStepsTempo, GiantStepsTempo:alternate, GiantStepsKey","https://github.com/GiantSteps/giantsteps-tempo-dataset, http://www.tagtraum.com/download/schreiber_new_giantsteps_tempo.zip, https://github.com/GiantSteps/giantsteps-key-dataset",,,,,,,,,no,,"Tempo, key annotations; Extracted from user corrections in forum entries",Not specified (electronic dance music),"Tempo estimation, Key detection"
GNMID14,https://developer.gracenote.com/mid2014,,,,,,,,,no,,Sentiment polarity labels,Not specified,Music Identification
GoodSounds,http://mtg.upf.edu/download/datasets/good-sounds,,"Rock, Pop, Electronic",,,"Rhythm, Melody","Monomdal Embeddings , Unsupervised pretraining, Classification & Segmentation",Open Access,Compressed,yes,,"Sound goodness measures, sound attributes (dynamic stability, pitch stability, etc.); Good/bad labels by expert musicians; Musical Focus: Rhythm, Melody","Flute, Cello, Clarinet, Trumpet, Violin, Alto Sax, Tenor Sax, Baritone Sax, Soprano Sax, Piano, Acoustic Guitar, Electric Guitar","Music education applications, Sound goodness measures, Classification problem (good/bad sounds), Monomodal Embeddings, Unsupervised pretraining, Classification & Segmentation"
GPT,http://mac.citi.sinica.edu.tw/GuitarTranscription,,,,,,,,,yes,,"Image labels (yes/no/unsure for presence of objects), text labels (stance detection, sentiment, legal text, genre, sub-genre, release date)",Not specified (general purpose model for various data types),"Image classification, Text annotation (sentiment analysis, NER, text classification), Content generation, Completion, Translations, Summarization, Stance detection, Music generation"
GMD,http://di.ionio.gr/hilab/gmd,,,,,,,,,downloadable,,,,
"GrooveMD, ExpandedGrooveMD",https://magenta.tensorflow.org/datasets/groove,"Lee Callender, Curtis Hawthorne, and Jesse Engel. ""Improving Perceptual Quality
  of Drum Transcription with the Expanded Groove MIDI Dataset."" 2020.
  arXiv:2004.00188.","Rock, Pop, RnB & Soul, Jazz, Others","Middle-Eastern, Latin American, American",,Rhythm,"Monomdal Embeddings , Unsupervised pretraining, Transcription & Generation, Classification & Segmentation",Open Access,"Compressed, Structured Format",rendered,,,,
GSD,https://github.com/ashispati/GuitarSoloDetection/tree/master/Dataset,,"Rock, RnB & Soul, Classical, Easy Listening",American,,"Melody, Harmony, Rhythm, Vocals","Monomdal Embeddings , Unsupervised pretraining, Classification & Segmentation, Recommendation & Retrieval",Open Access,Textual,no,,"Start/stop of guitar solos; Musical Focus: Melody, Harmony, Rhythm, Vocals","Guitar (implied by ""Guitar Solo Detection"")","Guitar solo detection, Monomodal Embeddings, Unsupervised pretraining, Classification & Segmentation, Recommendation & Retrieval"
GTZAN,http://marsyas.info/downloads/datasets.html,,"Rock, Jazz, RnB & Soul, Hip-Hop, Country, Electronic, Classical, Pop, Folk, Easy Listening",,,"Melody, Harmony, Rhythm","Monomdal Embeddings , Unsupervised pretraining, Classification & Segmentation, Recommendation & Retrieval",Open Access,Feature based,yes,,"10 genres, tempo labels, key labels (Lerch), key labels (Li), beat/downbeat, metrical levels; Musical Focus: Melody, Harmony, Rhythm","Not specified (general music, implies diverse instrumentation)","Music genre recognition (MGR), Music classification, Monomodal Embeddings, Unsupervised pretraining, Classification & Segmentation, Recommendation & Retrieval"
GuitarSet,https://guitarset.weebly.com/,https://guitarset.weebly.com/uploads/1/2/1/6/121620128/xi_ismir_2018.pdf,"Rock, Jazz",,,"Melody, Harmony","Monomdal Embeddings , Unsupervised pretraining, Transcription & Generation",Open Access,Waveform,yes,,"MIDI, pitch, beat, chords; 360 excerpts (30s) with hexaphonic audio; Musical Focus: Melody, Harmony",Guitar,"Guitar transcription, Monomodal Embeddings, Unsupervised pretraining, Transcription & Generation"
GZ_IsoTech,https://ccmusic-database.github.io/en/database/ccm.html#GZTech,https://kns.cnki.net/kcms/detail/detail.aspx?dbcode=CJFD&dbname=CJFDLAST2019&filename=FDXB201903007&uniplatform=NZKPT&v=VAszHDtjPUbjyb1WQfxQJtP7zbstcEMs9eQ1BHF8l%25mmd2Fej8WTBW%25mmd2F62dw0zEgl116b1,"Folk, Pop, Classical, RnB & Soul, Rock","East Asian, Sub-Saharan",,"Melody, Harmony, Rhythm, Vocals","Monomdal Embeddings , Unsupervised pretraining, Classification & Segmentation, Recommendation & Retrieval",Open Access,"Waveform, Feature based",yes,,"8 Guzheng playing techniques (Left-hand: vibrato, upward portamento, downward portamento, returning portamento; Right-hand: glissando, tremolo, harmonic, plucks); Note onset, IPT prediction, note-level prediction; Musical Focus: Melody, Harmony, Rhythm, Vocals",Guzheng (plucked string instrument),"Guzheng performance analysis, Guzheng IPT detection (semantic segmentation task), Note-level prediction, Onset detection"
Hainsworth,http://www.marsyas.info/tempo/,,,,,,,,,yes,,Tempo,Not specified,"Beat tracking, Tempo analysis"
HarmonixSet,https://github.com/urinieto/harmonixset,https://ccrma.stanford.edu/~urinieto/MARL/publications/ISMIR2019-Nieto-Harmonix.pdf,Pop,"European, American",,Rhythm,"Monomdal Embeddings , Unsupervised pretraining, Classification & Segmentation",Open Access,"Textual , Feature based",no,,"Beats, downbeats, functional segmentation; MusicBrainz identifiers, automatically extracted onset times; Musical Focus: Rhythm",Not specified (Western popular music implies diverse instrumentation),"Beat tracking, Downbeat estimation, Automatic functional structural segmentation, Monomodal Embeddings, Unsupervised pretraining, Classification & Segmentation"
HED,http://coconuts-palm-lab.com/EH/HED.zip,,,,,,Classification & Segmentation,Open Access,Feature based,yes,,"Hierarchical Event Descriptors (HED) for annotating data events (experimental stimuli, participant responses/actions, experimental design, temporal structure); Machine-actionable annotations; Short-form annotation, library schema, definitions, temporal scope, encoding of experimental design","Not specified (framework for general data annotation, not music-specific instruments)","Data search, extraction, and analysis; Standardized annotation and supporting infrastructure; Building archives of brain imaging data for large-scale analysis"
HHDS,http://goo.gl/5Hu51y,,,,,,,,,yes,,"Multitrack, style, tempo",Not specified,"Data labeling (general), Object detection (bounding boxes)"
holzapfel:onset,https://kth.box.com/s/o151l3rqtglhmeszah06wmvpcmpat6w9,,,,,,,,,yes,,Onset times,Five traditional percussion instruments,"Musical onset detection, Rhythmic analysis, Beat tracking, Score following, Music segmentation, Polyphonic music transcription, Instrument-specific adaptation strategies"
homburg,http://www-ai.cs.uni-dortmund.de/audio.html,https://www-ai.cs.tu-dortmund.de/auto?self=%24Publication_ecsuvq2x,"RnB & Soul, Rock, Jazz, Hip-Hop, Electronic, Folk, Pop, Country",,,"Rhythm, Harmony, Melody","Monomdal Embeddings , Unsupervised pretraining, Classification & Segmentation, Recommendation & Retrieval",Open Access,"Waveform, Feature based",yes,,"9 genres; Musical Focus: Rhythm, Harmony, Melody","Not specified (general music, implies diverse instrumentation)","Music genre classification, Monomodal Embeddings, Unsupervised pretraining, Classification & Segmentation, Recommendation & Retrieval"
HookTheory,https://github.com/chrisdonahue/sheetsage,"@inproceedings{donahue2022melody,
  title={Melody transcription via generative pre-training},
  author={Donahue, Chris and Thickstun, John and Liang, Percy},
  booktitle={ISMIR},
  year={2022}
}",Pop,"European, American",,"Melody, Harmony","Monomdal Embeddings , Unsupervised pretraining, Classification & Segmentation, Transcription & Generation",Conditional Access,"Waveform, Compressed, Structured Format",yes,,"Chord progressions, song analyses (over 40,000), Roman Numeral notation, bass notes, popularity of chords; Musical Focus: Melody, Harmony","Piano, Drums, Electric Guitar, Vocals (implied by song creation examples)","Chord AI recommendation, Ear training (puzzles in Chord Crush), Songwriting sketchpad, Music analysis (insights and patterns in music), Music composition (writing songs using chord progressions)"
IADS,http://csea.phhp.ufl.edu/media/iadsmessage.html,,,,,,,,,yes,,Not specified (focus on data source configuration and parameter definition files),"Not specified (general data system, not music-specific instruments)","Data source configuration, Parameter definition, Data processing, Data labeling (general)"
IDMT-PIANO-MM,https://www.idmt.fraunhofer.de/en/publications/datasets/piano-mm.html,"Automatic Detection of Audio Effects in Guitar and Bass Recordings. Proceedings of the AES 128th Convention, 2010.","Classical, Jazz",European,,Melody,"Monomdal Embeddings , Unsupervised pretraining, Transcription & Generation",Conditional Access,Waveform,yes,,"Not explicitly detailed beyond ""piano recordings"" and ""music pieces""; Musical Focus: Melody","Piano (grand pianos, upright pianos, stage-piano)","Piano Multipitch Estimation on Mobile Devices, Music Information Retrieval"
IDMT-SMT-Bass,http://www.idmt.fraunhofer.de/en/business_units/smt/bass.html,,,,,Melody,"Monomdal Embeddings , Unsupervised pretraining, Classification & Segmentation",Conditional Access,Waveform,yes,,"10 bass-related playing techniques (5 plucking styles: fingerstyle, picked, muted, slap-thumb, slap-pluck; 5 expression styles: normal, vibrato, bending, harmonics, dead-note); Single recorded notes; Musical Focus: Melody",Electric Bass Guitars (3 different 4-string electric bass guitars),"Automatic bass transcription, Signal processing, Bass performance styles"
IDMT-SMT-Audio-Effects,http://www.idmt.fraunhofer.de/en/business_units/smt/audio_effects.html,,,,"Monophonic, Polyphonic",Melody,"Monomdal Embeddings , Unsupervised pretraining, Transcription & Generation",Conditional Access,Waveform,yes,,"11 different audio effects (feedback delay, slapback delay, reverb, chorus, flanger, phaser, tremolo, vibrato); Single recorded notes; Instrument, MIDI number, effect group, effect type, effect setting; Musical Focus: Melody","Electric Guitar, Bass","Automatic detection of audio effects, Signal processing"
IDMT-SMT-Bass-SINGLE-TRACK,http://www.idmt.fraunhofer.de/en/business_units/smt/bass_lines.html,"Parametric Audio Coding of Bass Guitar Recordings using a Tuned Physical Modeling Algorithm, submitted to the 16th International Conference on Digital Audio Effects (DAFx), 2013",,,,"Melody, Harmony","Monomdal Embeddings , Unsupervised pretraining, Classification & Segmentation",Conditional Access,Waveform,yes,,"Pattern length, begin of first pattern appearance; Note annotations (onset, offset, pitch); Instrument-related parameters (string number, fret number); 5 plucking style classes (Finger-style, Picked, Muted, Slap-Pluck, Slap-Thumb); 6 expression styles (Vibrato, Slide); Musical Focus: Melody, Harmony",Bass Guitar,"Retrieval of repetitive bass patterns, Bass transcription, Spatial transcription/estimation of fretboard position, Estimation of bass guitar plucking styles, Estimation of bass guitar expression styles"
IDMT-SMT-Drum,http://www.idmt.fraunhofer.de/en/business_units/smt/drums.html,,,,,Rhythm,"Monomdal Embeddings , Unsupervised pretraining, Classification & Segmentation",Conditional Access,Waveform,yes,,"Onsets of kick drum, snare drum, hi-hat (manually annotated); Drum loops; Musical Focus: Rhythm","Kick Drum, Snare Drum, Hi-Hat (from real-world acoustic drum sets, drum sample libraries, drum synthesizers)","Automatic drum transcription, Source separation"
IDMT-SMT-Guitar,http://www.idmt.fraunhofer.de/en/business_units/smt/guitar.html,,,,"Monophonic, Polyphonic","Melody, Harmony, Rhythm","Monomdal Embeddings , Unsupervised pretraining, Transcription & Generation",Conditional Access,Waveform,yes,,"9 guitar playing techniques (plucking styles: finger-style, muted, picked; expression styles: normal, bending, slide, vibrato, harmonics, dead-notes); Onset positions, chords, rhythmic pattern length, texture (monophony/polyphony); Musical Focus: Melody, Harmony, Rhythm",Electric and Acoustic Guitars (7 different guitars),"Automatic guitar transcription, Chord recognition, Rhythm style estimation"
IDMT-MT,https://www.jyu.fi/hytk/fi/laitokset/mutku/en/research/projects2/past-projects/coe/materials/Multitrack,,,,,,,,,yes,,"Not specified (general data labeling for text, image, video)","Not specified (general data labeling, not music-specific instruments)","Text, image, and video data labeling (classification, object detection, segmentation, action recognition, object tracking)"
iKala,http://mac.citi.sinica.edu.tw/ikala/,,,,,,,,,yes,,"Singing voice tracks, background tracks; Human-labeled pitch contours, timestamped lyrics","Singing Voice, Music Accompaniment (implied multiple instruments)","Singing voice separation, Vocal melody extraction, Polyphonic note transcription, Multipitch estimation, Speech separation"
"INRIA:EuroVision, INRIA:Quaero",http://musicdata.gforge.inria.fr/structureAnnotation.html,,,,,,,,,no,,"Structure; Tags (genre, instruments, mood)","Not specified (general music, implies diverse instrumentation)",Structure annotation
UIOWA:MIS,http://theremin.music.uiowa.edu/MIS.html,,Electronic,,,"Melody, Rhythm","Monomdal Embeddings , Unsupervised pretraining",Open Access,Waveform,yes,,"Not specified (focus on shared instrumentation for chemistry research); Musical Focus: Melody, Rhythm","Not specified (chemistry instruments like calorimeter, spectrophotometer, autoclave, atomic force microscope, UV-Vis/NIR)",Not specified (chemistry research applications)
IRMAS,http://www.mtg.upf.edu/download/datasets/irmas,http://ismir2012.ismir.net/event/papers/559_ISMIR_2012.pdf,,,,"Melody, Vocals","Monomdal Embeddings , Unsupervised pretraining, Classification & Segmentation",Conditional Access,Waveform,yes,,"Predominant instrument(s) present; Annotations in folder/file name (cello, clarinet, flute, acoustic guitar, electric guitar, organ, piano, saxophone, trumpet, violin, human singing voice); Multi-labeled files for testing; Musical Focus: Melody, Vocals","Cello, Clarinet, Flute, Acoustic Guitar, Electric Guitar, Organ, Piano, Saxophone, Trumpet, Violin, Human Singing Voice","Instrument recognition in musical audio signals, Automatic recognition of predominant instruments, Training and testing methods for instrument recognition, Music search by instrument, Genre classification, Automatic music transcription"
ISMIR2004Genre,http://ismir2004.ismir.net/genre_contest/index.html,,"Rock, Pop, Electronic, Jazz, RnB & Soul, Classical",,,"Melody, Harmony, Rhythm, Vocals","Monomdal Embeddings , Unsupervised pretraining, Classification & Segmentation, Recommendation & Retrieval","Conditional Access, Open Access","Waveform, Feature based",yes,,"6 genres; Musical Focus: Melody, Harmony, Rhythm, Vocals","Not specified (general music, implies diverse instrumentation)","Music genre classification, Monomodal Embeddings, Unsupervised pretraining, Classification & Segmentation, Recommendation & Retrieval"
ISMIR2004Tempo,http://mtg.upf.edu/ismir2004/contest/tempoContest/node6.html,,"Rock, Electronic, Jazz, Classical, Others","Latin American, Sub-Saharan, European",,"Melody, Harmony, Rhythm","Monomdal Embeddings , Unsupervised pretraining, Classification & Segmentation, Recommendation & Retrieval",Open Access,Waveform,yes,,"Tempo; Musical Focus: Melody, Harmony, Rhythm","Not specified (general music, implies diverse instrumentation)","Tempo induction, Monomodal Embeddings, Unsupervised pretraining, Classification & Segmentation, Recommendation & Retrieval"
JAAH,https://github.com/MTG/JAAH,,Jazz,,,Harmony,Transcription & Generation,Open Access,Feature based,no,,"Structure, key, chords, beats; Chord segments, mean BPM, mean harmonic rhythm; Bigram (chord quality, interval, second chord quality), N-gram; Chroma distribution plots (degree-based chroma, joint distribution of degrees, dispersion of degree usage); Musical Focus: Harmony","Not specified (Jazz music, implies diverse instrumentation)","Chord transition analysis, Music analysis (sonic aura, chord realization), Music information retrieval"
Jamendo-VAD,https://jobim.ofai.at/download/jamendo.tgz,,,,,,,,,yes,,"Voice activity; Tags (genre, instrument, mood/theme)","Not specified (general music, implies diverse instrumentation)","Speech and music activity detection, Music auto-tagging (genre, instrument, mood/theme recognition)"
JGDB,https://ccrma.stanford.edu/~jga/ismir2010/ismir2010.html,,,,,,,,,yes,,"Multitrack, MIDI","Not specified (randomly generated excerpts, implies diverse instrumentation)",Not specified
JKU-ScoFo,http://www.cp.jku.at/resources/2019_RLScoFo_TISMIR,,Classical,European,"Monophonic, Polyphonic","Melody, Rhythm, Harmony","Monomdal Embeddings , Unsupervised pretraining, Classification & Segmentation",Open Access,Waveform,yes,,"Audio, MIDI; Musical Focus: Melody, Rhythm, Harmony",Not specified,"Monomodal Embeddings, Unsupervised pretraining, Classification & Segmentation"
"Jordan:Classical, Jordan:Jazz",http://jblsmith.github.io/projects/masters-thesis/,,,,,,,,,yes,,Structure,Not specified,Not specified
JLSDD,https://github.com/ELVIS-Project/mass-duos-corpus-josquin-larue/tree/Methodologies-for-Creating-Symbolic-Music-Corpora,,"Classical, Jazz",American,,,"Monomdal Embeddings , Unsupervised pretraining, Classification & Segmentation",Open Access,"Feature based, Compressed, Structured Format",no,,Symbolic scores,Not specified,"Monomodal Embeddings, Unsupervised pretraining, Classification & Segmentation"
KUGDastgahi,https://phaidra.kug.ac.at/view/o:127195,,Classical,Middle-Eastern,,,,Open Access,"Compressed, Textual",audio,,Not specified,Not specified,Not specified
LabROSA:APT,http://labrosa.ee.columbia.edu/projects/piano/,http://www.ee.columbia.edu/~graham/papers/piano.pdf,Classical,,Polyphonic,Melody,"Unsupervised pretraining, Monomdal Embeddings , Transcription & Generation",,,yes,,Not specified (focus on Advanced Persistent Threat attacks in Linux systems); Musical Focus: Melody,"Not specified (Linux systems, not music-specific instruments)","Researching intrusion patterns, Analyzing APT attacks, Developing intrusion detection systems, Digital forensics, Training/testing AI models for detection"
